{"cameraMode":{"drawMode":0,"name":"Shaded","section":"Shading Mode"},"sceneLighting":false,"audioPlay":false,"sceneViewState":{"showFog":true,"showMaterialUpdate":false,"showSkybox":false,"showFlares":true,"showImageEffects":true,"showParticleSystems":true},"in2DMode":false,"pivot":{"x":4.64323091506958,"y":-0.89248126745224,"z":1.245816707611084},"rotation":{"x":-0.014726518653333187,"y":-0.9852476716041565,"z":0.12780115008354188,"w":-0.11307943612337113},"size":3.539153575897217,"orthographic":false}