{"cameraMode":{"drawMode":0,"name":"Shaded","section":"Shading Mode"},"sceneLighting":false,"audioPlay":false,"sceneViewState":{"showFog":true,"showMaterialUpdate":false,"showSkybox":true,"showFlares":true,"showImageEffects":true,"showParticleSystems":true},"in2DMode":false,"pivot":{"x":38.0763053894043,"y":-2.778932571411133,"z":7.590566635131836},"rotation":{"x":-0.25937455892562868,"y":-0.29538050293922427,"z":0.0836087241768837,"w":-0.9157149791717529},"size":22.41143226623535,"orthographic":false}