{"cameraMode":{"drawMode":0,"name":"Shaded","section":"Shading Mode"},"sceneLighting":false,"audioPlay":false,"sceneViewState":{"showFog":true,"showMaterialUpdate":false,"showSkybox":false,"showFlares":true,"showImageEffects":true,"showParticleSystems":true},"in2DMode":false,"pivot":{"x":-0.001220703125,"y":0.394439697265625,"z":-0.595458984375},"rotation":{"x":-0.01363645400851965,"y":0.9408106207847595,"z":-0.03812357038259506,"w":-0.3365088701248169},"size":2.2370221614837648,"orthographic":true}