{"cameraMode":{"drawMode":0,"name":"Shaded","section":"Shading Mode"},"sceneLighting":true,"audioPlay":false,"sceneViewState":{"showFog":true,"showMaterialUpdate":true,"showSkybox":true,"showFlares":true,"showImageEffects":true,"showParticleSystems":true},"in2DMode":false,"pivot":{"x":19.605560302734376,"y":-1.9193363189697266,"z":2.917569637298584},"rotation":{"x":0.2229427993297577,"y":0.5995075106620789,"z":-0.17877671122550965,"w":0.7476139068603516},"size":13.800679206848145,"orthographic":false}